epoch,train_loss,val_loss,val_si_snri
0,-7.216647,-5.166574,7.091188
1,-7.274706,-5.188074,7.112688
