epoch,train_loss,val_loss,val_si_snri
0,-16.469908,-14.846209,14.861327
1,-16.573979,-14.845493,14.86061
